news_id,source,click,i,poli2,poli5,manual
N107589,12 News,52,5377,-0.25,99.0,0.0
N89475,12 News,0,28807,-0.25,99.0,99.0
N54239,24/7 Wall St,2152,99,-4.35,99.0,-0.138888889
N73962,ABC News,28,1320,-4.41,-1.0,-0.392857143
N3349,ABC News,257,1390,-4.41,-1.0,-0.125
N40643,ABC News,30,1446,-4.41,-1.0,-0.073529412
N98922,ABC News,37,1804,-4.41,-1.0,-0.288461538
N85606,ABC News,99,2027,-4.41,-1.0,-0.236842105
N92438,ABC News,1276,2046,-4.41,-1.0,-0.25
N82029,ABC News,104,2291,-4.41,-1.0,-0.116666667
N60407,ABC News,615,2854,-4.41,-1.0,-0.25
N57319,ABC News,175,2949,-4.41,-1.0,-0.426470588
N77457,ABC News,19,3012,-4.41,-1.0,0.1
N645,ABC News,203,3276,-4.41,-1.0,-0.166666667
N19374,ABC News,3,3284,-4.41,-1.0,0.022727273
N32423,ABC News,16,3407,-4.41,-1.0,-0.15
N54687,ABC News,70,3600,-4.41,-1.0,-0.28125
N101100,ABC News,45,4247,-4.41,-1.0,0.166666667
N36896,ABC News,9,4778,-4.41,-1.0,0.071428571
N119461,ABC News,11,4987,-4.41,-1.0,-0.022727273
N28873,ABC News,722,5096,-4.41,-1.0,-0.071428571
N36057,ABC News,0,5215,-4.41,-1.0,-0.357142857
N123139,ABC News,3,5743,-4.41,-1.0,0.125
N53065,ABC News,62,5841,-4.41,-1.0,-0.045454545
N121052,ABC News,7,5926,-4.41,-1.0,-0.078125
N104644,ABC News,1289,6020,-4.41,-1.0,0.175
N97476,ABC News,2,6044,-4.41,-1.0,0.192307692
N37436,ABC News,10,6340,-4.41,-1.0,-0.194444444
N33112,ABC News,5,6419,-4.41,-1.0,-0.275
N118445,ABC News,22,6535,-4.41,-1.0,-0.1
N34039,ABC News,1,6945,-4.41,-1.0,-0.230769231
N30482,ABC News,1,7094,-4.41,-1.0,0.089285714
N30504,ABC News,25,7181,-4.41,-1.0,-0.305555556
N107142,ABC News,2,8028,-4.41,-1.0,-0.071428571
N17771,ABC News,12,11543,-4.41,-1.0,-0.083333333
N70349,ABC News,2,13691,-4.41,-1.0,-0.019230769
N102134,ABC News,8,13815,-4.41,-1.0,-0.019230769
N59660,ABC News,0,15320,-4.41,-1.0,-0.25
N20446,ABC News,2,15962,-4.41,-1.0,0.0
N118008,ABC News,3,16705,-4.41,-1.0,0.022727273
N73848,ABC News,2,17092,-4.41,-1.0,0.083333333
N51152,ABC News,40,17601,-4.41,-1.0,-0.340909091
N86509,ABC News,248,19209,-4.41,-1.0,-0.386363636
N8191,ABC News,0,21039,-4.41,-1.0,-0.125
N57248,ABC News,7,23757,-4.41,-1.0,0.090909091
N66895,ABC News,2,27429,-4.41,-1.0,-0.428571429
N68561,ABC News,2,27541,-4.41,-1.0,-0.316666667
N100649,ABC News,3,27712,-4.41,-1.0,-0.134615385
N107167,ABC News,17,27804,-4.41,-1.0,-0.590909091
N96724,ABC News,8,27963,-4.41,-1.0,0.15
N107103,ABC News,5,28049,-4.41,-1.0,0.171875
N89967,ABC News,4,3722,-4.41,-1.0,99.0
N72883,ABC News,24,3996,-4.41,-1.0,99.0
N49127,ABC News,0,10370,-4.41,-1.0,99.0
N34705,ABC News,4,11956,-4.41,-1.0,99.0
N103238,ABC News,1,15173,-4.41,-1.0,99.0
N63889,ABC News,0,16911,-4.41,-1.0,99.0
N87552,ABC News,3,17227,-4.41,-1.0,99.0
N26660,ABC News,0,17277,-4.41,-1.0,99.0
N48209,ABC News,1,19455,-4.41,-1.0,99.0
N121583,ABC News,0,19840,-4.41,-1.0,99.0
N34345,ABC News,0,20157,-4.41,-1.0,99.0
N78857,ABC News,0,20991,-4.41,-1.0,99.0
N7279,ABC News,0,21038,-4.41,-1.0,99.0
N41787,ABC News,0,21048,-4.41,-1.0,99.0
N116513,ABC News,0,22702,-4.41,-1.0,99.0
N17185,ABC News,1,22843,-4.41,-1.0,99.0
N69232,ABC News,0,23700,-4.41,-1.0,99.0
N84360,ABC News,0,24327,-4.41,-1.0,99.0
N69074,ABC News,0,24665,-4.41,-1.0,99.0
N63164,ABC News,0,24669,-4.41,-1.0,99.0
N75640,ABC News,1,24690,-4.41,-1.0,99.0
N92396,ABC News,0,25959,-4.41,-1.0,99.0
N114703,ABC News,0,27796,-4.41,-1.0,99.0
N39131,ABC News,7,28438,-4.41,-1.0,99.0
N97782,ABC News,0,28722,-4.41,-1.0,99.0
N56874,ABC News,0,29028,-4.41,-1.0,99.0
N24308,ABC News,1,29173,-4.41,-1.0,99.0
N102584,ABC News,0,29242,-4.41,-1.0,99.0
N16764,ABC News,0,29268,-4.41,-1.0,99.0
N73338,ABC News,203,2714,-4.41,-1.0,-0.1875
N191,ABC News,7,22127,-4.41,-1.0,-0.25
N78183,ABC News,2,27680,-4.41,-1.0,-0.125
N87612,ABC News,8,9652,-4.41,-1.0,-0.045454545
N10013,ABC News,7,5831,-4.41,-1.0,0.25
N115756,ABC News,26,27240,-4.41,-1.0,-0.25
N91004,ABC News,4,4937,-4.41,-1.0,-0.433333333
N72443,ABC News,1,8481,-4.41,-1.0,-0.03125
N502,ABC News,1,10559,-4.41,-1.0,-0.3125
N93227,ABC News,3,11240,-4.41,-1.0,0.057692308
N122052,ABC News,3,18802,-4.41,-1.0,-0.117647059
N3546,ABC News,1,27524,-4.41,-1.0,-0.21875
N40178,Action news 5,4,13908,99.0,99.0,99.0
N74227,Action news 5,1,14751,99.0,99.0,99.0
N51617,Action news 5,0,18691,99.0,99.0,99.0
N60694,Action news 5,3,19581,99.0,99.0,99.0
N44383,Action news 5,5,24668,99.0,99.0,99.0
N42419,actionnewsjax,0,21430,99.0,99.0,99.0
N9438,amestrib,0,11106,99.0,99.0,99.0
N76434,AP,194,53,-1.96,-1.0,0.083333333
N99507,AP,121,258,-1.96,-1.0,-0.46875
N31967,AP,56,534,-1.96,-1.0,-0.2
N11713,AP,77,807,-1.96,-1.0,-0.3
N23067,AP,64,918,-1.96,-1.0,-0.25
N100408,AP,100,939,-1.96,-1.0,-0.428571429
N114429,AP,209,1130,-1.96,-1.0,-0.142857143
N59272,AP,81,1261,-1.96,-1.0,-0.225
N55647,AP,137,1315,-1.96,-1.0,0.083333333
N93337,AP,55,1655,-1.96,-1.0,-0.1
N49939,AP,183,1813,-1.96,-1.0,-0.1875
N67128,AP,663,1858,-1.96,-1.0,0.05
N67459,AP,445,1895,-1.96,-1.0,-0.15
N57630,AP,482,1900,-1.96,-1.0,-0.386363636
N44092,AP,48,1929,-1.96,-1.0,0.125
N21902,AP,67,1951,-1.96,-1.0,-0.045454545
N38883,AP,411,2282,-1.96,-1.0,-0.25
N88928,AP,87,2398,-1.96,-1.0,-0.038461538
N19252,AP,24,2993,-1.96,-1.0,-0.305555556
N12899,AP,216,3532,-1.96,-1.0,-0.196428571
N79889,AP,203,4779,-1.96,-1.0,-0.28125
N68048,AP,285,4926,-1.96,-1.0,-0.333333333
N58655,AP,2,5356,-1.96,-1.0,0.041666667
N97545,AP,5,9953,-1.96,-1.0,-0.269230769
N69619,AP,0,10096,-1.96,-1.0,-0.325
N26720,AP,2,10455,-1.96,-1.0,-0.027777778
N50932,AP,2,11177,-1.96,-1.0,0.083333333
N26501,AP,3,11580,-1.96,-1.0,-0.192307692
N67764,AP,3,12491,-1.96,-1.0,-0.375
N56096,AP,8,14122,-1.96,-1.0,-0.166666667
N50784,AP,1,14923,-1.96,-1.0,-0.375
N36092,AP,4,15067,-1.96,-1.0,-0.125
N81354,AP,5,15378,-1.96,-1.0,-0.178571429
N35533,AP,0,17205,-1.96,-1.0,99.0
N101418,AP,3,19398,-1.96,-1.0,0.107142857
N1316,AP,1,19399,-1.96,-1.0,-0.216666667
N58135,AP,22,25487,-1.96,-1.0,-0.171875
N99142,AP,5,26441,-1.96,-1.0,0.035714286
N52339,AP,39,27260,-1.96,-1.0,-0.25
N52855,AP,0,27549,-1.96,-1.0,-0.166666667
N16203,AP,0,27826,-1.96,-1.0,-0.277777778
N100624,AP,0,27829,-1.96,-1.0,99.0
N31754,AP,41,1638,-1.96,-1.0,99.0
N14355,AP,4,3682,-1.96,-1.0,99.0
N59802,AP,0,5480,-1.96,-1.0,99.0
N73286,AP,0,5803,-1.96,-1.0,99.0
N34753,AP,0,7909,-1.96,-1.0,99.0
N52025,AP,2,8154,-1.96,-1.0,99.0
N40414,AP,1,8472,-1.96,-1.0,99.0
N62900,AP,1,8833,-1.96,-1.0,99.0
N58679,AP,3,8856,-1.96,-1.0,99.0
N108587,AP,0,9669,-1.96,-1.0,99.0
N2314,AP,6,9780,-1.96,-1.0,99.0
N102283,AP,2,9781,-1.96,-1.0,99.0
N76890,AP,4,10598,-1.96,-1.0,99.0
N35620,AP,0,10961,-1.96,-1.0,99.0
N116748,AP,1,12117,-1.96,-1.0,99.0
N11976,AP,9,13329,-1.96,-1.0,99.0
N123304,AP,1,13330,-1.96,-1.0,99.0
N50785,AP,0,13942,-1.96,-1.0,99.0
N122931,AP,1,14325,-1.96,-1.0,99.0
N102794,AP,4,15163,-1.96,-1.0,99.0
N103256,AP,1,15535,-1.96,-1.0,99.0
N3919,AP,0,16582,-1.96,-1.0,99.0
N24590,AP,0,17058,-1.96,-1.0,99.0
N77885,AP,0,17523,-1.96,-1.0,99.0
N1235,AP,0,17835,-1.96,-1.0,99.0
N108426,AP,0,17894,-1.96,-1.0,99.0
N26222,AP,0,17969,-1.96,-1.0,99.0
N113143,AP,1,18640,-1.96,-1.0,99.0
N54704,AP,0,19119,-1.96,-1.0,99.0
N20118,AP,0,19736,-1.96,-1.0,99.0
N80736,AP,0,19995,-1.96,-1.0,99.0
N39210,AP,1,20153,-1.96,-1.0,99.0
N2174,AP,1,20770,-1.96,-1.0,99.0
N96455,AP,0,20824,-1.96,-1.0,99.0
N115031,AP,1,21082,-1.96,-1.0,99.0
N59253,AP,0,21539,-1.96,-1.0,99.0
N75671,AP,0,21847,-1.96,-1.0,99.0
N27952,AP,0,22201,-1.96,-1.0,99.0
N6196,AP,0,22275,-1.96,-1.0,99.0
N82345,AP,2,22449,-1.96,-1.0,99.0
N117312,AP,0,22493,-1.96,-1.0,99.0
N103440,AP,3,22912,-1.96,-1.0,99.0
N6765,AP,2,22949,-1.96,-1.0,99.0
N72316,AP,1,22953,-1.96,-1.0,99.0
N122885,AP,0,23444,-1.96,-1.0,99.0
N22457,AP,0,23716,-1.96,-1.0,99.0
N47220,AP,0,24365,-1.96,-1.0,99.0
N109306,AP,0,25024,-1.96,-1.0,99.0
N91616,AP,0,25332,-1.96,-1.0,99.0
N65835,AP,1,25601,-1.96,-1.0,99.0
N52649,AP,0,25649,-1.96,-1.0,99.0
N66140,AP,0,26130,-1.96,-1.0,99.0
N91683,AP,0,26408,-1.96,-1.0,99.0
N130312,AP,0,26712,-1.96,-1.0,99.0
N85353,AP,0,28240,-1.96,-1.0,99.0
N127245,AP,0,28251,-1.96,-1.0,99.0
N91284,AP,0,28946,-1.96,-1.0,99.0
N108975,AP,0,28993,-1.96,-1.0,99.0
N109798,AP,0,29017,-1.96,-1.0,99.0
N102904,AP,0,29074,-1.96,-1.0,99.0
N118265,AP,0,29134,-1.96,-1.0,99.0
N77690,AP,0,29182,-1.96,-1.0,99.0
N82024,AP,1,29291,-1.96,-1.0,99.0
N62577,AP,204,4046,-1.96,-1.0,-0.208333333
N11240,AP,4,27520,-1.96,-1.0,-0.3125
N32244,AP,21,10066,-1.96,-1.0,0.1
N15438,AP,1655,319,-1.96,-1.0,-0.045454545
N26387,AP,11,3969,-1.96,-1.0,-0.270833333
N111662,AP,6,4563,-1.96,-1.0,-0.2
N43490,AP,291,1565,-1.96,-1.0,-0.388888889
N21400,audacy,1,9206,-4.6,99.0,0.145833333
N112528,audacy,0,27946,-4.6,99.0,99.0
N53131,Austin American-Statesman,41,1438,-4.23,-1.0,-0.339285714
N116109,Austin American-Statesman,3,8806,-4.23,-1.0,-0.333333333
N119973,Austin American-Statesman,5,9187,-4.23,-1.0,-0.2
N74992,Austin American-Statesman,4,13016,-4.23,-1.0,-0.318181818
N74614,Austin American-Statesman,5,13251,-4.23,-1.0,-0.027777778
N58910,Austin American-Statesman,1,19059,-4.23,-1.0,99.0
N94770,Austin American-Statesman,1,21675,-4.23,-1.0,99.0
N72232,avemariaradio,0,21992,99.0,99.0,99.0
N123836,azcentral,48,7307,-7.43,0.0,0.055555556
N42526,azcentral,5,7880,-7.43,0.0,0.0
N82912,azcentral,0,8181,-7.43,0.0,-0.208333333
N38850,azcentral,3,8500,-7.43,0.0,-0.5
N47125,azcentral,3,12727,-7.43,0.0,-0.361111111
N55741,azcentral,10,12867,-7.43,0.0,-0.125
N112822,azcentral,20,15396,-7.43,0.0,-0.071428571
N76244,azcentral,14,28003,-7.43,0.0,0.055555556
N43794,azcentral,0,12630,-7.43,0.0,99.0
N84740,azcentral,0,19523,-7.43,0.0,99.0
N24133,azcentral,9,12535,-7.43,0.0,-0.431818182
N126789,Baltimore Sun,1,2231,-4.84,0.0,-0.222222222
N112819,Baltimore Sun,341,502,-4.84,0.0,-0.15625
N21295,Baltimore Sun,7,9711,-4.84,0.0,0.055555556
N22740,Baltimore Sun,3,13479,-4.84,0.0,-0.1875
N1047,Baltimore Sun,2,15014,-4.84,0.0,-0.183333333
N72978,Baltimore Sun,2,15322,-4.84,0.0,0.019230769
N124751,Baltimore Sun,1,14523,-4.84,0.0,99.0
N120198,Baltimore Sun,1,15372,-4.84,0.0,99.0
N35512,Baltimore Sun,1,19000,-4.84,0.0,99.0
N55338,Baltimore Sun,1,20595,-4.84,0.0,99.0
N83383,Baltimore Sun,1,20706,-4.84,0.0,99.0
N127365,Baltimore Sun,2,22231,-4.84,0.0,99.0
N45379,Baltimore Sun,0,22322,-4.84,0.0,99.0
N46407,Baltimore Sun,0,26517,-4.84,0.0,99.0
N86059,Bloomberg News,241,749,-3.21,-1.0,-0.071428571
N60988,Bloomberg News,930,1345,-3.21,-1.0,-0.3125
N100069,Bloomberg News,205,1930,-3.21,-1.0,-0.194444444
N83902,Bloomberg News,74,2352,-3.21,-1.0,0.305555556
N31872,Bloomberg News,875,2838,-3.21,-1.0,0.017857143
N30483,Bloomberg News,239,2895,-3.21,-1.0,-0.113636364
N57725,Bloomberg News,267,3802,-3.21,-1.0,-0.111111111
N19162,Bloomberg News,174,4573,-3.21,-1.0,-0.416666667
N118908,Bloomberg News,413,18736,-3.21,-1.0,-0.025
N38630,Bloomberg News,5,8296,-3.21,-1.0,99.0
N54292,Bloomberg News,1,19709,-3.21,-1.0,99.0
N103633,Bloomberg News,0,19901,-3.21,-1.0,99.0
N23129,Bloomberg News,0,22832,-3.21,-1.0,99.0
N121018,Bloomberg News,1,24801,-3.21,-1.0,99.0
N23210,Boston Herald,4,9311,10.19,1.0,-0.25
N95640,Boston Herald,4,10159,10.19,1.0,0.1875
N43808,Boston Herald,5,22965,10.19,1.0,-0.125
N117368,Boston Herald,2,10275,10.19,1.0,99.0
N13514,Boston Herald,0,12048,10.19,1.0,99.0
N41216,Boston Herald,7,20630,10.19,1.0,99.0
N120984,Boston Herald,0,21968,10.19,1.0,99.0
N46970,Boston Herald,0,22310,10.19,1.0,99.0
N12505,Boston Herald,0,24055,10.19,1.0,99.0
N95939,Boston Herald,1,25294,10.19,1.0,99.0
N6214,boston.com,41,10621,99.0,99.0,0.019230769
N21881,bostonglobe,0,24658,99.0,99.0,99.0
N37417,bostonglobe,0,28791,99.0,99.0,99.0
N104816,bradonton,0,25457,99.0,99.0,99.0
N24594,businessinsider,0,10882,99.0,99.0,99.0
N19564,businessinsider,0,22276,99.0,99.0,99.0
N15201,businessinsider,0,24434,99.0,99.0,99.0
N80876,CBS News,127,523,-3.15,-1.0,0.104166667
N122543,CBS News,1920,979,-3.15,-1.0,0.025
N91716,CBS News,570,1429,-3.15,-1.0,-0.321428571
N77421,CBS News,247,1635,-3.15,-1.0,0.477272727
N119932,CBS News,1744,1718,-3.15,-1.0,0.208333333
N29057,CBS News,395,1870,-3.15,-1.0,0.142857143
N127814,CBS News,270,2481,-3.15,-1.0,-0.025
N61323,CBS News,157,2499,-3.15,-1.0,0.15
N16986,CBS News,83,3512,-3.15,-1.0,-0.117647059
N1066,CBS News,51,4001,-3.15,-1.0,0.09375
N38698,CBS News,42,4686,-3.15,-1.0,-0.409090909
N101953,CBS News,1,5484,-3.15,-1.0,-0.464285714
N40834,CBS News,4,6565,-3.15,-1.0,-0.045454545
N94072,CBS News,6,9025,-3.15,-1.0,0.076923077
N74451,CBS News,2,9107,-3.15,-1.0,-0.07
N31135,CBS News,37,9719,-3.15,-1.0,-0.34375
N75568,CBS News,3,9732,-3.15,-1.0,-0.0625
N107061,CBS News,5,11604,-3.15,-1.0,0.166666667
N34524,CBS News,0,13193,-3.15,-1.0,-0.178571429
N81912,CBS News,2,16525,-3.15,-1.0,-0.21875
N97904,CBS News,5,17000,-3.15,-1.0,-0.05
N43394,CBS News,115,25486,-3.15,-1.0,-0.25
N72615,CBS News,3,26769,-3.15,-1.0,0.020833333
N56784,CBS News,862,27062,-3.15,-1.0,0.075
N57095,CBS News,10,27911,-3.15,-1.0,0.181818182
N125130,CBS News,2,6735,-3.15,-1.0,99.0
N26307,CBS News,1,11428,-3.15,-1.0,99.0
N87695,CBS News,0,12915,-3.15,-1.0,99.0
N9072,CBS News,2,13536,-3.15,-1.0,99.0
N30682,CBS News,2,14692,-3.15,-1.0,99.0
N7683,CBS News,0,18608,-3.15,-1.0,99.0
N8112,CBS News,1,20204,-3.15,-1.0,99.0
N25054,CBS News,0,21616,-3.15,-1.0,99.0
N82896,CBS News,0,21820,-3.15,-1.0,99.0
N20617,CBS News,0,22050,-3.15,-1.0,99.0
N56843,CBS News,3,22119,-3.15,-1.0,99.0
N81909,CBS News,0,22452,-3.15,-1.0,99.0
N52125,CBS News,1,22886,-3.15,-1.0,99.0
N106356,CBS News,0,23615,-3.15,-1.0,99.0
N125415,CBS News,1,26722,-3.15,-1.0,99.0
N4568,CBS News,1,28896,-3.15,-1.0,99.0
N121761,CBS News,1,28985,-3.15,-1.0,99.0
N117455,CBS News,0,29174,-3.15,-1.0,99.0
N42746,CBS News,24,11440,-3.15,-1.0,0.0
N26604,chalkbeat,1,18588,-4.2,0.0,99.0
N91469,Chicago Tribune,337,2318,-4.4,0.0,-0.181818182
N118668,Chicago Tribune,2,6995,-4.4,0.0,0.107142857
N35588,Chicago Tribune,10,7631,-4.4,0.0,0.125
N14562,Chicago Tribune,2,8464,-4.4,0.0,-0.116666667
N59949,Chicago Tribune,2,12882,-4.4,0.0,-0.208333333
N15483,Chicago Tribune,19,14508,-4.4,0.0,-0.214285714
N120824,Chicago Tribune,5,14983,-4.4,0.0,-0.057692308
N122023,Chicago Tribune,3,17238,-4.4,0.0,0.083333333
N42567,Chicago Tribune,4,8953,-4.4,0.0,99.0
N127552,Chicago Tribune,0,11465,-4.4,0.0,99.0
N30160,Chicago Tribune,0,18229,-4.4,0.0,99.0
N89139,Chicago Tribune,0,19163,-4.4,0.0,99.0
N69295,Chicago Tribune,0,21239,-4.4,0.0,99.0
N129445,Chicago Tribune,2,28690,-4.4,0.0,99.0
N87837,cincinnati,9,11317,-4.41,99.0,-0.075
N84825,cincinnati,3,12277,-4.41,99.0,99.0
N128876,Cleveland.com,0,6224,-0.67,99.0,-0.138888889
N67576,Cleveland.com,0,15278,-0.67,99.0,-0.025
N110581,Cleveland.com,1,16984,-0.67,99.0,0.09375
N58277,Cleveland.com,3,28119,-0.67,99.0,0.038461538
N39680,Cleveland.com,0,17930,-0.67,99.0,99.0
N89684,Cleveland.com,0,24704,-0.67,99.0,99.0
N78343,CNBC,1367,2569,-2.6,0.0,-0.111111111
N31094,CNBC,269,19205,-2.6,0.0,-0.236111111
N117214,CNBC,3,28498,-2.6,0.0,-0.35
N69580,CNBC,0,19810,-2.6,0.0,99.0
N89560,CNBC,0,22445,-2.6,0.0,99.0
N45603,CNBC,0,23503,-2.6,0.0,99.0
N58291,CNN,1,15287,-7.27,-2.0,0.035714286
N22177,CNN,75,383,-7.27,-2.0,-0.041666667
N32051,CNN,159,386,-7.27,-2.0,-0.21875
N75237,CNN,231,703,-7.27,-2.0,-0.227272727
N112527,CNN,447,1129,-7.27,-2.0,-0.295454545
N47863,CNN,621,1785,-7.27,-2.0,-0.28125
N124245,CNN,469,2195,-7.27,-2.0,0.035714286
N108034,CNN,83,2248,-7.27,-2.0,-0.1
N128788,CNN,23,2557,-7.27,-2.0,0.075
N15268,CNN,106,2973,-7.27,-2.0,-0.325
N22436,CNN,90,3623,-7.27,-2.0,-0.25
N100395,CNN,98,3826,-7.27,-2.0,-0.3125
N101620,CNN,6,4210,-7.27,-2.0,0.020833333
N94232,CNN,216,4673,-7.27,-2.0,-0.175
N41170,CNN,65,4698,-7.27,-2.0,-0.071428571
N53245,CNN,4,4775,-7.27,-2.0,0.145833333
N73966,CNN,42,6337,-7.27,-2.0,0.357142857
N125058,CNN,1,9406,-7.27,-2.0,0.05
N32717,CNN,3,10040,-7.27,-2.0,0.25
N50055,CNN,24,10716,-7.27,-2.0,0.25
N18856,CNN,0,10852,-7.27,-2.0,-0.307692308
N123483,CNN,13,11429,-7.27,-2.0,-0.295454545
N17798,CNN,5,13325,-7.27,-2.0,0.1875
N69177,CNN,5,14212,-7.27,-2.0,-0.083333333
N52266,CNN,3,14668,-7.27,-2.0,0.136363636
N35316,CNN,7,16769,-7.27,-2.0,-0.071428571
N99102,CNN,0,17190,-7.27,-2.0,-0.159090909
N112865,CNN,63,26416,-7.27,-2.0,-0.125
N126348,CNN,2,27148,-7.27,-2.0,-0.208333333
N23302,CNN,53,27230,-7.27,-2.0,-0.4375
N84406,CNN,9,4774,-7.27,-2.0,99.0
N27127,CNN,4,5134,-7.27,-2.0,99.0
N18067,CNN,1,13480,-7.27,-2.0,99.0
N10364,CNN,0,14477,-7.27,-2.0,99.0
N2544,CNN,1,16915,-7.27,-2.0,99.0
N32011,CNN,0,17178,-7.27,-2.0,99.0
N62143,CNN,1,17586,-7.27,-2.0,99.0
N24099,CNN,1,18633,-7.27,-2.0,99.0
N6775,CNN,0,19739,-7.27,-2.0,99.0
N30470,CNN,9,19814,-7.27,-2.0,99.0
N42766,CNN,0,20129,-7.27,-2.0,99.0
N101194,CNN,0,22431,-7.27,-2.0,99.0
N54051,CNN,0,24777,-7.27,-2.0,99.0
N25226,CNN,0,25152,-7.27,-2.0,99.0
N97002,CNN,0,25333,-7.27,-2.0,99.0
N106685,CNN,0,25362,-7.27,-2.0,99.0
N53037,CNN,0,25643,-7.27,-2.0,99.0
N52470,CNN,0,25645,-7.27,-2.0,99.0
N128217,CNN,1,25816,-7.27,-2.0,99.0
N83441,CNN,0,25831,-7.27,-2.0,99.0
N98359,CNN,0,26342,-7.27,-2.0,99.0
N13855,CNN,0,26449,-7.27,-2.0,99.0
N106436,CNN,0,26569,-7.27,-2.0,99.0
N66436,CNN,0,26834,-7.27,-2.0,99.0
N88028,CNN,1,28838,-7.27,-2.0,99.0
N98366,CNN,0,28854,-7.27,-2.0,99.0
N9396,CNN,1,5948,-7.27,-2.0,-0.132352941
N50002,commercialappeal,0,9469,-2.26,-1.0,99.0
N25424,courant,0,20513,-1.06,0.0,99.0
N51971,courant,0,20654,-1.06,0.0,99.0
N24866,courant,0,20766,-1.06,0.0,99.0
N99755,courant,1,22578,-1.06,0.0,99.0
N128254,courant,0,25378,-1.06,0.0,99.0
N35132,courant,0,25591,-1.06,0.0,99.0
N1834,cpr,4,22144,-1.88,99.0,0.0
N79581,Daily Beast,506,2038,-12.87,-2.0,-0.333333333
N90235,Daily Beast,0,26393,-12.87,-2.0,99.0
N78699,Daily Mail,4747,13,2.95,2.0,0.125
N61850,Daily Mail,653,688,2.95,2.0,-0.0625
N93947,Daily Mail,228,1301,2.95,2.0,-0.022727273
N90740,Daily News - Los Angeles,7,16092,1.48,0.0,-0.333333333
N28683,dailydemocrat,0,10786,99.0,99.0,99.0
N61824,dailypress,4,6434,99.0,1.0,-0.05
N41335,dailypress,5,12315,99.0,1.0,99.0
N126597,dailypress,4,12416,99.0,1.0,-0.136363636
N58763,dailypress,0,13255,99.0,1.0,0.0
N113453,dailypress,0,13657,99.0,1.0,-0.066666667
N104305,dailypress,0,21317,99.0,1.0,99.0
N30017,dailypress,0,21773,99.0,1.0,99.0
N102896,denverpost,2,20997,-3.12,99.0,99.0
N27873,Des Moines Register,78,3672,-1.0,0.0,-0.357142857
N65903,Des Moines Register,1,8060,-1.0,0.0,99.0
N4984,Des Moines Register,0,16193,-1.0,0.0,99.0
N83765,Des Moines Register,0,19289,-1.0,0.0,99.0
N12116,Des Moines Register,0,20017,-1.0,0.0,99.0
N57994,Des Moines Register,0,21068,-1.0,0.0,99.0
N9959,Des Moines Register,0,21069,-1.0,0.0,99.0
N122263,Des Moines Register,2,21121,-1.0,0.0,99.0
N119295,Des Moines Register,0,22321,-1.0,0.0,99.0
N11062,Des Moines Register,0,22737,-1.0,0.0,99.0
N21105,Des Moines Register,0,24341,-1.0,0.0,99.0
N107772,Des Moines Register,5,17265,-1.0,0.0,-0.2
N19723,Des Moines Register,28,3657,-1.0,0.0,0.125
N22074,Detroit Free Press,1,15279,-8.99,-1.0,-0.090909091
N95153,Detroit Free Press,4,28651,-8.99,-1.0,-0.279411765
N129600,Detroit Free Press,0,28670,-8.99,-1.0,-0.016666667
N9683,Detroit Free Press,4,16445,-8.99,-1.0,99.0
N3414,Detroit Free Press,1,16691,-8.99,-1.0,99.0
N18874,Detroit Free Press,0,28945,-8.99,-1.0,99.0
N53346,dnj,3,21077,99.0,99.0,99.0
N33884,expressnews,3,14873,99.0,0.0,-0.025
N20259,expressnews,0,18874,99.0,0.0,99.0
N87913,FactCheck.org,433,40,-1.76,0.0,-0.318181818
N51757,FactCheck.org,152,1637,-1.76,0.0,0.166666667
N124899,FactCheck.org,95,1701,-1.76,0.0,-0.333333333
N6331,FactCheck.org,119,2465,-1.76,0.0,-0.325
N37930,FactCheck.org,423,2482,-1.76,0.0,-0.25
N19337,FactCheck.org,31,3206,-1.76,0.0,-0.267857143
N76607,FactCheck.org,78,3529,-1.76,0.0,-0.395833333
N79608,FactCheck.org,78,4938,-1.76,0.0,-0.15625
N117298,FactCheck.org,0,5485,-1.76,0.0,99.0
N11273,FactCheck.org,0,8359,-1.76,0.0,99.0
N89201,FactCheck.org,2,9648,-1.76,0.0,99.0
N61871,FactCheck.org,2,11361,-1.76,0.0,99.0
N1546,FactCheck.org,0,19452,-1.76,0.0,99.0
N49206,FactCheck.org,0,19456,-1.76,0.0,99.0
N50825,FactCheck.org,1,19457,-1.76,0.0,99.0
N64426,FactCheck.org,1,19459,-1.76,0.0,99.0
N19167,FactCheck.org,0,19742,-1.76,0.0,99.0
N72967,floridatoday,3,17504,-0.67,99.0,99.0
N74828,floridatoday,0,20800,-0.67,99.0,99.0
N64182,floridatoday,0,28485,-0.67,99.0,99.0
N89621,Fox News,71,1732,11.63,2.0,-0.125
N95301,Fox News,811,264,11.63,2.0,0.117647059
N7728,Fox News,340,433,11.63,2.0,0.178571429
N11546,Fox News,145,1293,11.63,2.0,0.083333333
N87367,Fox News,24,1352,11.63,2.0,-0.175
N77606,Fox News,529,1544,11.63,2.0,0.225
N96490,Fox News,73,1699,11.63,2.0,-0.15625
N78847,Fox News,808,1985,11.63,2.0,0.225
N22524,Fox News,833,2075,11.63,2.0,0.1875
N121548,Fox News,231,2726,11.63,2.0,0.277777778
N11789,Fox News,780,2965,11.63,2.0,-0.020833333
N105474,Fox News,208,3033,11.63,2.0,0.020833333
N79499,Fox News,2765,3034,11.63,2.0,0.166666667
N104064,Fox News,23,3306,11.63,2.0,0.03125
N110947,Fox News,139,3470,11.63,2.0,-0.316666667
N89238,Fox News,43,3724,11.63,2.0,0.022727273
N72601,Fox News,24,3830,11.63,2.0,-0.214285714
N103769,Fox News,9,3997,11.63,2.0,0.192307692
N49392,Fox News,58,4666,11.63,2.0,0.0
N31430,Fox News,6,5653,11.63,2.0,-0.333333333
N3749,Fox News,56,5957,11.63,2.0,-0.2
N111421,Fox News,6,9375,11.63,2.0,0.068181818
N35756,Fox News,3,11661,11.63,2.0,0.020833333
N63453,Fox News,5,14996,11.63,2.0,-0.107142857
N35821,Fox News,146,24243,11.63,2.0,0.216666667
N20417,Fox News,443,27078,11.63,2.0,0.25
N45959,Fox News,19,27961,11.63,2.0,-0.09375
N14899,Fox News,0,8364,11.63,2.0,99.0
N61044,Fox News,0,10541,11.63,2.0,99.0
N17418,Fox News,2,13511,11.63,2.0,99.0
N47680,Fox News,2,17750,11.63,2.0,99.0
N129424,Fox News,0,18648,11.63,2.0,99.0
N17128,Fox News,15,19060,11.63,2.0,99.0
N102033,Fox News,0,19655,11.63,2.0,99.0
N112547,Fox News,0,20684,11.63,2.0,99.0
N103007,Fox News,2,21868,11.63,2.0,99.0
N35201,Fox News,0,22433,11.63,2.0,99.0
N59287,Fox News,2,22434,11.63,2.0,99.0
N78197,Fox News,0,22566,11.63,2.0,99.0
N73596,Fox News,0,23344,11.63,2.0,99.0
N37296,Fox News,2,24171,11.63,2.0,99.0
N36894,Fox News,0,24385,11.63,2.0,99.0
N51068,Fox News,0,26938,11.63,2.0,99.0
N15748,Fox News,1,27164,11.63,2.0,99.0
N128783,Fox News,2,28762,11.63,2.0,99.0
N115474,Fox News,0,29067,11.63,2.0,99.0
N33659,Fox News,5,3538,11.63,2.0,0.0
N104339,gastongazette,0,28982,-0.07,99.0,99.0
N67750,Good Morning America (website),5,6964,-4.91,99.0,-0.045454545
N15230,Good Morning America (website),1,27258,-4.91,99.0,-0.1875
N33674,Good Morning America (website),0,27384,-4.91,99.0,-0.1875
N90908,Good Morning America (website),0,10063,-4.91,99.0,99.0
N69543,Good Morning America (website),1,15308,-4.91,99.0,99.0
N81381,Good Morning America (website),0,23059,-4.91,99.0,99.0
N38374,Good Morning America (website),1,27704,-4.91,99.0,99.0
N95523,greenvilleonline,0,11456,-1.27,99.0,99.0
N129204,heraldnews,4,8066,99.0,99.0,99.0
N76275,heraldnews,0,26399,99.0,99.0,99.0
N105251,hollandsentinel,1,20447,-0.08,99.0,99.0
N4518,houston chronicle,9,5303,-3.73,0.0,-0.225
N65722,houston chronicle,1,11402,-3.73,0.0,-0.027777778
N9410,houston chronicle,2,18554,-3.73,0.0,0.055555556
N92934,houston chronicle,0,22020,-3.73,0.0,99.0
N68344,houston chronicle,0,25233,-3.73,0.0,99.0
N1679,HuffPost,583,1008,-11.25,-2.0,-0.25
N76268,HuffPost,39,1318,-11.25,-2.0,-0.035714286
N62044,HuffPost,1,5851,-11.25,-2.0,99.0
N72837,HuffPost,0,10533,-11.25,-2.0,99.0
N11591,HuffPost,0,15745,-11.25,-2.0,99.0
N108064,IndyStar,8,7707,-1.64,0.0,-0.25
N13871,IndyStar,0,10146,-1.64,0.0,99.0
N42588,IndyStar,1,15217,-1.64,0.0,99.0
N96736,IndyStar,2,22214,-1.64,0.0,99.0
N39984,Insider,5,27843,-5.0,-1.0,0.15
N33461,Insider,262,1025,-5.0,-1.0,-0.444444444
N92459,Insider,303,1973,-5.0,-1.0,-0.089285714
N93539,Insider,59,2229,-5.0,-1.0,-0.166666667
N76415,Insider,326,2407,-5.0,-1.0,0.125
N33967,Insider,661,2724,-5.0,-1.0,-0.2
N77512,Insider,89,3430,-5.0,-1.0,-0.375
N17395,Insider,0,7970,-5.0,-1.0,-0.333333333
N29323,Insider,1,14915,-5.0,-1.0,-0.4
N94592,Insider,0,22954,-5.0,-1.0,-0.017857143
N55827,Insider,2,12787,-5.0,-1.0,99.0
N130293,Insider,1,20723,-5.0,-1.0,99.0
N59983,Insider,0,28673,-5.0,-1.0,99.0
N109536,Insider,0,29030,-5.0,-1.0,99.0
N118099,Insider,39,27108,-5.0,-1.0,-0.25
N113782,insurancenewsnet,0,27600,99.0,99.0,99.0
N35798,jacksonville,2,12961,-0.31,99.0,99.0
N26469,journal-news,2,19156,99.0,99.0,0.025
N29115,kansascity,2,10603,99.0,0.0,-0.333333333
N19748,kare11,0,28811,-0.2,0.0,99.0
N58080,kcci,4,6979,99.0,99.0,-0.027777778
N81405,kcci,0,25381,99.0,99.0,99.0
N34994,kdvr,1,6873,99.0,99.0,-0.125
N30774,kdvr,0,16808,99.0,99.0,-0.107142857
N42387,KFOR 4 - Oklahoma,11,12194,-2.1,99.0,-0.089285714
N124670,KFOR 4 - Oklahoma,3,15865,-2.1,99.0,0.022727273
N38901,khabarazma,0,17757,99.0,99.0,99.0
N40604,khou 11,1,27134,-3.15,99.0,-0.05
N93932,khou 11,1,19479,-3.15,99.0,99.0
N76402,king5,67,4031,99.0,99.0,0.035714286
N101078,king5,3,9860,99.0,99.0,99.0
N126860,king5,0,25763,99.0,99.0,99.0
N30199,king5,0,28090,99.0,99.0,99.0
N6178,kmbc,7,10345,99.0,99.0,99.0
N91552,kmbc,3,13286,99.0,99.0,-0.083333333
N8146,koco,4,17332,-1.65,99.0,0.090909091
N23050,koco,0,25490,-1.65,99.0,99.0
N114127,kvue,22,7838,99.0,99.0,-0.041666667
N23431,LA Times,20,359,-9.65,-1.0,-0.34375
N1767,LA Times,855,446,-9.65,-1.0,-0.227272727
N30086,LA Times,355,1142,-9.65,-1.0,-0.181818182
N113703,LA Times,717,1886,-9.65,-1.0,-0.307692308
N49968,LA Times,10,6672,-9.65,-1.0,-0.1
N100217,LA Times,5,7832,-9.65,-1.0,-0.522727273
N13000,LA Times,7,8759,-9.65,-1.0,0.0
N84229,LA Times,0,9095,-9.65,-1.0,-0.15625
N52571,LA Times,2,10800,-9.65,-1.0,0.0625
N55724,LA Times,1,11011,-9.65,-1.0,-0.428571429
N60915,LA Times,1,12650,-9.65,-1.0,-0.25
N1550,LA Times,0,15072,-9.65,-1.0,99.0
N44894,LA Times,84,27448,-9.65,-1.0,-0.4
N61759,LA Times,2,28185,-9.65,-1.0,-0.25
N24125,LA Times,0,8793,-9.65,-1.0,99.0
N121365,LA Times,2,16145,-9.65,-1.0,99.0
N18722,LA Times,5,14885,-9.65,-1.0,-0.178571429
N947,Law and Crime,21,2937,-3.88,0.0,0.05
N47035,Lebanon Daily News,6,7512,99.0,99.0,-0.15
N3466,limaohio,0,19152,99.0,99.0,99.0
N81327,livingston daily,4,3255,99.0,99.0,0.363636364
N42160,livingston daily,0,4841,99.0,99.0,0.027777778
N5673,livingston daily,3,21587,99.0,99.0,99.0
N112489,lohud,1,8528,99.0,99.0,-0.28125
N73150,lohud,0,20879,99.0,99.0,99.0
N126724,Louisville Courier Journal,21,11097,1.7,99.0,-0.181818182
N69595,Louisville Courier Journal,7,13059,1.7,99.0,-0.25
N1580,Louisville Courier Journal,24,13742,1.7,99.0,-0.230769231
N88791,Louisville Courier Journal,3,27993,1.7,99.0,0.113636364
N108596,Louisville Courier Journal,0,13063,1.7,99.0,99.0
N127056,Louisville Courier Journal,5,17355,1.7,99.0,99.0
N83596,Louisville Courier Journal,3,17536,1.7,99.0,99.0
N117901,Louisville Courier Journal,4,17722,1.7,99.0,99.0
N114934,Louisville Courier Journal,1,17723,1.7,99.0,99.0
N68488,Louisville Courier Journal,3,17843,1.7,99.0,99.0
N116482,Louisville Courier Journal,1,20816,1.7,99.0,99.0
N78458,Louisville Courier Journal,1,22378,1.7,99.0,99.0
N1968,Louisville Courier Journal,0,24192,1.7,99.0,99.0
N69129,Louisville Courier Journal,0,26588,1.7,99.0,99.0
N81550,Mass Live,1,6566,1.3,-1.0,0.1
N99353,Mass Live,2,15057,1.3,-1.0,-0.25
N83909,Mass Live,0,10278,1.3,-1.0,99.0
N24996,Mass Live,0,19410,1.3,-1.0,99.0
N110154,Mass Live,0,21504,1.3,-1.0,99.0
N2938,Mass Live,0,28302,1.3,-1.0,99.0
N90104,mcall,0,24025,99.0,99.0,99.0
N18770,mcall,3,26457,99.0,99.0,99.0
N118266,mediaite,1102,3027,-10.59,-1.0,0.083333333
N6725,mediaite,188,3195,-10.59,-1.0,-0.267857143
N9432,mediaite,702,3281,-10.59,-1.0,-0.333333333
N70307,Miami Herald,4,11614,-7.17,-1.0,0.0
N61484,Milwaukee Journal Sentinel,4,12022,-7.33,0.0,0.277777778
N63968,Milwaukee Journal Sentinel,13,13760,-7.33,0.0,0.05
N89745,Milwaukee Journal Sentinel,1,13698,-7.33,0.0,99.0
N57279,Milwaukee Journal Sentinel,5,16490,-7.33,0.0,99.0
N88350,Milwaukee Journal Sentinel,0,23929,-7.33,0.0,99.0
N79189,Milwaukee Journal Sentinel,0,29218,-7.33,0.0,99.0
N27780,mlive,0,22184,-0.21,0.0,99.0
N62402,MSNBC,22,4282,-14.15,-2.0,-0.395833333
N98754,MSNBC,3,3536,-14.15,-2.0,-0.454545455
N37828,MSNBC,18,4456,-14.15,-2.0,-0.328947368
N33819,MSNBC,16,4994,-14.15,-2.0,0.166666667
N73499,MSNBC,26,6666,-14.15,-2.0,-0.125
N86494,MSNBC,5,6713,-14.15,-2.0,-0.375
N126267,MSNBC,19,6965,-14.15,-2.0,-0.25
N59603,MSNBC,7,7901,-14.15,-2.0,-0.09375
N95637,MSNBC,1,8216,-14.15,-2.0,-0.409090909
N98053,MSNBC,3,8286,-14.15,-2.0,0.083333333
N83513,MSNBC,5,8356,-14.15,-2.0,-0.346153846
N66599,MSNBC,1,9602,-14.15,-2.0,0.041666667
N100043,MSNBC,4,9671,-14.15,-2.0,-0.277777778
N23663,MSNBC,2,10375,-14.15,-2.0,-0.166666667
N111512,MSNBC,5,13423,-14.15,-2.0,-0.305555556
N63255,MSNBC,0,14377,-14.15,-2.0,-0.2
N118341,MSNBC,6,14406,-14.15,-2.0,-0.340909091
N57878,MSNBC,5,15503,-14.15,-2.0,-0.234375
N32819,MSNBC,2,15851,-14.15,-2.0,-0.15625
N46038,MSNBC,4,16097,-14.15,-2.0,-0.045454545
N66188,MSNBC,5,16381,-14.15,-2.0,-0.283333333
N7716,MSNBC,1,18171,-14.15,-2.0,0.0
N92590,MSNBC,1,19654,-14.15,-2.0,-0.068181818
N84075,MSNBC,2,27525,-14.15,-2.0,-0.3125
N21065,MSNBC,2,27670,-14.15,-2.0,-0.1875
N59042,MSNBC,5,28123,-14.15,-2.0,-0.305555556
N27108,MSNBC,2,28327,-14.15,-2.0,-0.216666667
N72590,MSNBC,5,6991,-14.15,-2.0,99.0
N114007,MSNBC,1,9275,-14.15,-2.0,99.0
N122467,MSNBC,1,9763,-14.15,-2.0,99.0
N5049,MSNBC,0,10662,-14.15,-2.0,99.0
N93906,MSNBC,0,12995,-14.15,-2.0,99.0
N80340,MSNBC,0,13075,-14.15,-2.0,99.0
N37229,MSNBC,0,14601,-14.15,-2.0,99.0
N55100,MSNBC,0,16077,-14.15,-2.0,99.0
N34924,MSNBC,0,16347,-14.15,-2.0,99.0
N47614,MSNBC,1,16865,-14.15,-2.0,99.0
N667,MSNBC,0,16936,-14.15,-2.0,99.0
N48495,MSNBC,0,18371,-14.15,-2.0,99.0
N1635,MSNBC,0,20752,-14.15,-2.0,99.0
N41786,MSNBC,0,20791,-14.15,-2.0,99.0
N97801,MSNBC,0,20936,-14.15,-2.0,99.0
N82056,MSNBC,0,22078,-14.15,-2.0,99.0
N589,MSNBC,0,22922,-14.15,-2.0,99.0
N58981,MSNBC,0,24109,-14.15,-2.0,99.0
N89961,MSNBC,0,24110,-14.15,-2.0,99.0
N108196,MSNBC,1,24112,-14.15,-2.0,99.0
N9166,MSNBC,0,24323,-14.15,-2.0,99.0
N49019,MSNBC,1,24411,-14.15,-2.0,99.0
N90621,MSNBC,0,24693,-14.15,-2.0,99.0
N52567,MSNBC,0,25613,-14.15,-2.0,99.0
N109782,MSNBC,0,25946,-14.15,-2.0,99.0
N49185,MSNBC,0,26034,-14.15,-2.0,99.0
N121053,MSNBC,0,26263,-14.15,-2.0,99.0
N69435,MSNBC,0,26305,-14.15,-2.0,99.0
N93300,MSNBC,0,26827,-14.15,-2.0,99.0
N56053,MSNBC,0,28113,-14.15,-2.0,99.0
N24238,MSNBC,0,28149,-14.15,-2.0,99.0
N5299,MSNBC,0,28378,-14.15,-2.0,99.0
N32103,MSNBC,0,28436,-14.15,-2.0,99.0
N103185,MSNBC,2,28532,-14.15,-2.0,99.0
N18392,MSNBC,1,28549,-14.15,-2.0,99.0
N3989,MSNBC,0,28777,-14.15,-2.0,99.0
N89248,MSNBC,0,29051,-14.15,-2.0,99.0
N126225,MSNBC,0,29199,-14.15,-2.0,99.0
N71642,MSNBC,37,5493,-14.15,-2.0,-0.192307692
N115184,NBC News,9,9807,-6.66,-1.0,-0.083333333
N43691,NBC News,21,1924,-6.66,-1.0,-0.115384615
N108736,NBC News,1247,56,-6.66,-1.0,-0.25
N49283,NBC News,7259,472,-6.66,-1.0,-0.225
N126592,NBC News,451,591,-6.66,-1.0,-0.53125
N100804,NBC News,886,618,-6.66,-1.0,-0.265625
N103158,NBC News,46,673,-6.66,-1.0,-0.269230769
N27923,NBC News,177,780,-6.66,-1.0,-0.267857143
N114054,NBC News,1721,1751,-6.66,-1.0,-0.166666667
N52856,NBC News,1479,1837,-6.66,-1.0,0.057692308
N17756,NBC News,176,1931,-6.66,-1.0,-0.325
N830,NBC News,13,2134,-6.66,-1.0,0.03125
N88440,NBC News,565,3263,-6.66,-1.0,-0.3125
N65795,NBC News,22,3381,-6.66,-1.0,-0.083333333
N41969,NBC News,0,5217,-6.66,-1.0,-0.035714286
N113012,NBC News,1,12284,-6.66,-1.0,0.089285714
N70408,NBC News,3,12591,-6.66,-1.0,-0.208333333
N58968,NBC News,9,13232,-6.66,-1.0,-0.159090909
N121138,NBC News,473,13763,-6.66,-1.0,0.0
N112160,NBC News,0,15571,-6.66,-1.0,0.03125
N15995,NBC News,4,16430,-6.66,-1.0,-0.116666667
N86444,NBC News,301,17598,-6.66,-1.0,-0.3
N45578,NBC News,2,28277,-6.66,-1.0,0.045454545
N834,NBC News,2,28313,-6.66,-1.0,-0.041666667
N86120,NBC News,24,5137,-6.66,-1.0,99.0
N122081,NBC News,25,6526,-6.66,-1.0,99.0
N7440,NBC News,0,8096,-6.66,-1.0,99.0
N81120,NBC News,0,10965,-6.66,-1.0,99.0
N25576,NBC News,0,13987,-6.66,-1.0,99.0
N52037,NBC News,0,17998,-6.66,-1.0,99.0
N32977,NBC News,0,18625,-6.66,-1.0,99.0
N105688,NBC News,0,18634,-6.66,-1.0,99.0
N28247,NBC News,1,19436,-6.66,-1.0,99.0
N129843,NBC News,0,20746,-6.66,-1.0,99.0
N105653,NBC News,2,22353,-6.66,-1.0,99.0
N68155,NBC News,2,22884,-6.66,-1.0,99.0
N1910,NBC News,0,24363,-6.66,-1.0,99.0
N73001,NBC News,0,24541,-6.66,-1.0,99.0
N22176,NBC News,0,24589,-6.66,-1.0,99.0
N111457,NBC News,0,25249,-6.66,-1.0,99.0
N58247,NBC News,0,25380,-6.66,-1.0,99.0
N14075,NBC News,0,25546,-6.66,-1.0,99.0
N15433,NBC News,0,25596,-6.66,-1.0,99.0
N100478,NBC News,1,25892,-6.66,-1.0,99.0
N102132,NBC News,0,26537,-6.66,-1.0,99.0
N83873,NBC News,0,28537,-6.66,-1.0,99.0
N91229,NBC News,1,28697,-6.66,-1.0,99.0
N109111,NBC News,0,29032,-6.66,-1.0,99.0
N99339,New Heaven Register,1,11444,0.0,-4.05,0.285714286
N25906,newportri,1,9152,99.0,99.0,0.0
N6191,newportri,0,13088,99.0,99.0,99.0
N119044,newscentermaine,13,7075,-0.48,-1.0,-0.225
N129101,newscentermaine,0,13426,-0.48,-1.0,0.0
N43642,newscentermaine,1,20093,-0.48,-1.0,0.083333333
N98769,newscentermaine,1,18690,-0.48,-1.0,99.0
N22474,newscentermaine,0,19043,-0.48,-1.0,99.0
N85811,news-journalonline,0,13456,99.0,99.0,99.0
N114804,newslocker,8,22052,99.0,99.0,99.0
N71122,newsweek,0,28882,-4.24,0.0,99.0
N51332,newsweek,267,3198,-4.24,0.0,-0.134615385
N24135,nj.com,0,11802,-1.92,-1.0,99.0
N113246,nj.com,8,12508,-1.92,-1.0,99.0
N14536,nj.com,0,15296,-1.92,-1.0,99.0
N91249,nj.com,0,17967,-1.92,-1.0,99.0
N31117,nj.com,0,24070,-1.92,-1.0,99.0
N70445,northjersey,3,10607,-0.17,-1.0,-0.0625
N81549,northjersey,2,13471,-0.17,-1.0,-0.230769231
N78735,northjersey,1,15268,-0.17,-1.0,-0.055555556
N5578,northjersey,0,15363,-0.17,-1.0,0.0
N90137,northjersey,1,16948,-0.17,-1.0,-0.15
N123697,northjersey,2,17509,-0.17,-1.0,-0.016666667
N99047,northjersey,3,17576,-0.17,-1.0,0.020833333
N51546,northjersey,2,28298,-0.17,-1.0,0.057692308
N93551,northjersey,2,12779,-0.17,-1.0,99.0
N64672,northjersey,0,15427,-0.17,-1.0,99.0
N74978,northjersey,0,21114,-0.17,-1.0,99.0
N24619,northjersey,0,24326,-0.17,-1.0,99.0
N10665,northjersey,0,25705,-0.17,-1.0,99.0
N92909,northjersey,0,28918,-0.17,-1.0,99.0
N84056,NPR,22,2224,-4.62,-1.0,-0.041666667
N44608,NPR,5,27643,-4.62,-1.0,0.214285714
N63935,NPR,0,22937,-4.62,-1.0,99.0
N126117,NY Daily News,1,6502,-8.65,-2.0,-0.017857143
N73294,NY Daily News,10,8201,-8.65,-2.0,-0.291666667
N69698,NY Daily News,3,7082,-8.65,-2.0,99.0
N41935,NY Daily News,0,24870,-8.65,-2.0,99.0
N117032,NY Daily News,0,24997,-8.65,-2.0,99.0
N47428,NY Daily News,0,25729,-8.65,-2.0,99.0
N109337,NY Daily News,0,26590,-8.65,-2.0,99.0
N48745,nysenate,14,27170,99.0,99.0,-0.25
N39497,onenewspage,0,25285,99.0,99.0,99.0
N74027,Orange County Register,1,9538,-1.33,1.0,-0.096153846
N31355,Orlando Sentinel,29,4401,-7.18,0.0,0.0
N53800,Orlando Sentinel,7,14879,-7.18,0.0,-0.3125
N56846,Orlando Sentinel,4,15221,-7.18,0.0,-0.125
N57306,Orlando Sentinel,0,6072,-7.18,0.0,99.0
N67757,Orlando Sentinel,0,10117,-7.18,0.0,99.0
N104846,Orlando Sentinel,1,16530,-7.18,0.0,99.0
N28427,Orlando Sentinel,1,20540,-7.18,0.0,99.0
N58147,Orlando Sentinel,0,26311,-7.18,0.0,99.0
N102664,Orlando Sentinel,2,28834,-7.18,0.0,99.0
N56755,Palladium-Item,0,28797,99.0,99.0,99.0
N38799,palmbeachpost,0,10812,-2.14,0.0,99.0
N53851,palmbeachpost,0,22285,-2.14,0.0,99.0
N96525,palmbeachpost,0,26423,-2.14,0.0,99.0
N42806,Patch,36,2527,-4.78,0.0,-0.041666667
N77231,Patch,4,2596,-4.78,0.0,-0.045454545
N25094,Patch,9,2984,-4.78,0.0,0.0
N47926,Patch,17,3929,-4.78,0.0,-0.159090909
N109439,Patch,5,6233,-4.78,0.0,-0.071428571
N22334,Patch,34,6743,-4.78,0.0,-0.083333333
N83346,Patch,6,9028,-4.78,0.0,-0.321428571
N124045,Patch,7,12275,-4.78,0.0,-0.28125
N9426,Patch,1,14474,-4.78,0.0,-0.333333333
N69222,Patch,12,12214,-4.78,0.0,99.0
N66512,Patch,2,13459,-4.78,0.0,99.0
N87773,Patch,1,15315,-4.78,0.0,99.0
N127090,Patch,4,17412,-4.78,0.0,99.0
N54613,Patch,4,17996,-4.78,0.0,99.0
N48324,Patch,0,18514,-4.78,0.0,99.0
N58856,Patch,1,19080,-4.78,0.0,99.0
N115937,Patch,4,20280,-4.78,0.0,99.0
N7335,Patch,0,23510,-4.78,0.0,99.0
N94171,Patch,0,23798,-4.78,0.0,99.0
N14115,Patch,7,8692,-4.78,0.0,-0.333333333
N83028,patriotledger,0,19409,-0.06,0.0,99.0
N107579,patriotledger,1,28053,-0.06,0.0,99.0
N95468,PBS NewsHour,532,2009,-4.9,0.0,-0.041666667
N112050,PBS NewsHour,1176,995,-4.9,0.0,-0.25
N22811,PBS NewsHour,449,1093,-4.9,0.0,-0.375
N101981,PBS NewsHour,113,2580,-4.9,0.0,-0.25
N72904,PBS NewsHour,4,4735,-4.9,0.0,-0.261363636
N83386,PBS NewsHour,0,14434,-4.9,0.0,99.0
N82806,PBS NewsHour,1,20301,-4.9,0.0,99.0
N2000,PBS NewsHour,88,27200,-4.9,0.0,-0.34375
N76936,PBS NewsHour,216,1246,-4.9,0.0,-0.134615385
N84228,Philadelphia Daily News,0,8083,99.0,99.0,99.0
N56878,Philadelphia Inquirer,5,7235,-8.32,-1.0,-0.090909091
N114580,Philadelphia Inquirer,26,9272,-8.32,-1.0,-0.113636364
N109379,Philadelphia Inquirer,2,14467,-8.32,-1.0,-0.183333333
N33795,Philadelphia Inquirer,2,14594,-8.32,-1.0,-0.05
N6488,Philadelphia Inquirer,3,15568,-8.32,-1.0,0.05
N71692,Philadelphia Inquirer,5,15963,-8.32,-1.0,0.066666667
N85299,Philadelphia Inquirer,1,7526,-8.32,-1.0,99.0
N33280,Philadelphia Inquirer,2,11221,-8.32,-1.0,99.0
N82304,Philadelphia Inquirer,0,13212,-8.32,-1.0,99.0
N110964,Philadelphia Inquirer,0,19008,-8.32,-1.0,99.0
N34179,Philadelphia Inquirer,0,21631,-8.32,-1.0,99.0
N53868,Philadelphia Inquirer,0,25639,-8.32,-1.0,99.0
N8118,Pittsburgh Action News 4,7,4055,0.0,99.0,-0.045454545
N13427,Pittsburgh Action News 4,4,16049,0.0,99.0,-0.045454545
N53651,Pittsburgh Post-Gazette,6,4437,-0.55,0.0,-0.138888889
N8774,Pittsburgh Post-Gazette,10,13717,-0.55,0.0,-0.0625
N52894,Pittsburgh Post-Gazette,3,14252,-0.55,0.0,-0.035714286
N100234,Pittsburgh Post-Gazette,1,8840,-0.55,0.0,99.0
N53474,Politico,26612,49,-6.5,-1.0,-0.5
N36959,Politico,233,420,-6.5,-1.0,-0.125
N98577,Politico,280,1021,-6.5,-1.0,-0.392857143
N62120,Politico,772,1075,-6.5,-1.0,0.0
N46928,Politico,217,1254,-6.5,-1.0,0.125
N40583,Politico,951,1385,-6.5,-1.0,-0.125
N99990,Politico,21,1388,-6.5,-1.0,-0.303571429
N120696,Politico,1261,1590,-6.5,-1.0,-0.235294118
N55013,Politico,235,1775,-6.5,-1.0,-0.25
N128371,Politico,410,1906,-6.5,-1.0,0.019230769
N85313,Politico,281,1943,-6.5,-1.0,-0.025
N33521,Politico,360,2302,-6.5,-1.0,-0.107142857
N83689,Politico,90,2321,-6.5,-1.0,-0.4
N32792,Politico,563,2410,-6.5,-1.0,-0.041666667
N32913,Politico,91,3128,-6.5,-1.0,-0.296875
N36014,Politico,203,3305,-6.5,-1.0,-0.076923077
N14837,Politico,494,3377,-6.5,-1.0,-0.181818182
N67138,Politico,63,4744,-6.5,-1.0,0.0
N43855,Politico,6,4814,-6.5,-1.0,-0.328125
N130132,Politico,290,16155,-6.5,-1.0,-0.05
N36233,Politico,76,17596,-6.5,-1.0,-0.1875
N97389,Politico,24,24047,-6.5,-1.0,-0.5
N73919,Politico,15,3663,-6.5,-1.0,99.0
N33566,Politico,4,9612,-6.5,-1.0,99.0
N42796,Politico,2,9779,-6.5,-1.0,99.0
N17241,Politico,0,18646,-6.5,-1.0,99.0
N121145,Politico,2,18651,-6.5,-1.0,99.0
N16969,Politico,0,20159,-6.5,-1.0,99.0
N57160,Politico,0,23501,-6.5,-1.0,99.0
N36316,Politico,0,23502,-6.5,-1.0,99.0
N118760,Politico,0,24655,-6.5,-1.0,99.0
N58793,Politico,0,28563,-6.5,-1.0,99.0
N113147,Politico,1,28852,-6.5,-1.0,99.0
N94189,Politico,0,28862,-6.5,-1.0,99.0
N96889,Politico,1,29049,-6.5,-1.0,99.0
N74851,Politico,0,29142,-6.5,-1.0,99.0
N88091,Politico,247,1447,-6.5,-1.0,-0.3125
N103960,postandcourier,0,26848,99.0,99.0,99.0
N109198,Providence Journal,19,8176,-2.72,0.0,0.0
N118515,Providence Journal,7,15092,-2.72,0.0,-0.214285714
N98870,Providence Journal,8,16726,-2.72,0.0,0.027777778
N95432,Reuters,104,1299,-1.38,0.0,-0.090909091
N108363,Reuters,262,1304,-1.38,0.0,-0.125
N39259,Reuters,664,1634,-1.38,0.0,-0.115384615
N95199,Reuters,174,1877,-1.38,0.0,-0.2
N84391,Reuters,368,2648,-1.38,0.0,-0.15
N91881,Reuters,77,2716,-1.38,0.0,-0.071428571
N57713,Reuters,69,2936,-1.38,0.0,-0.3125
N5769,Reuters,637,2946,-1.38,0.0,-0.083333333
N99187,Reuters,1208,3265,-1.38,0.0,-0.25
N15729,Reuters,16,4278,-1.38,0.0,-0.269230769
N65802,Reuters,87,6017,-1.38,0.0,-0.104166667
N40891,Reuters,11,8917,-1.38,0.0,-0.138888889
N114816,Reuters,5,10077,-1.38,0.0,-0.3125
N19155,Reuters,2,16083,-1.38,0.0,0.125
N15517,Reuters,0,18407,-1.38,0.0,-0.053571429
N59411,Reuters,40,27242,-1.38,0.0,-0.25
N102534,Reuters,3,27711,-1.38,0.0,0.541666667
N28005,Reuters,0,10368,-1.38,0.0,99.0
N67177,Reuters,2,15187,-1.38,0.0,99.0
N125071,Reuters,0,17732,-1.38,0.0,99.0
N93528,Reuters,1,19367,-1.38,0.0,99.0
N29895,Reuters,0,28850,-1.38,0.0,99.0
N36581,Reuters,1,12422,-1.38,0.0,0.068181818
N30750,Roll Call,120,2729,-3.21,0.0,-0.25
N51354,Roll Call,152,4427,-3.21,0.0,0.071428571
N112967,Roll Call,1,6972,-3.21,0.0,-0.225
N60638,Roll Call,2,28414,-3.21,0.0,0.277777778
N101834,Roll Call,0,3661,-3.21,0.0,99.0
N32676,sacbee,4,17635,99.0,99.0,99.0
N4679,San Francisco Chronicle,6,11388,-5.98,-2.0,-0.1875
N19326,San Francisco Chronicle,2,11757,-5.98,-2.0,-0.175
N114697,San Francisco Chronicle,6,13571,-5.98,-2.0,-0.097222222
N32401,San Francisco Chronicle,4,28036,-5.98,-2.0,-0.25
N28708,San Francisco Chronicle,4,6040,-5.98,-2.0,99.0
N86089,San Francisco Chronicle,0,13568,-5.98,-2.0,99.0
N85312,San Francisco Chronicle,0,15237,-5.98,-2.0,99.0
N113212,San Francisco Chronicle,1,16643,-5.98,-2.0,99.0
N42823,San Francisco Chronicle,0,24322,-5.98,-2.0,99.0
N58030,San Francisco Chronicle,0,24440,-5.98,-2.0,99.0
N8253,SF GATE,175,1928,-1.0,-1.04,-0.1875
N67503,slate,0,24289,-14.78,-2.0,99.0
N41810,star-telegram,3,10270,99.0,0.0,-0.159090909
N70178,star-telegram,0,10377,99.0,0.0,99.0
N39450,Sun Sentinel,47,4352,-6.04,0.0,0.0
N115220,Sun Sentinel,7,12024,-6.04,0.0,-0.233333333
N116549,Sun Sentinel,6,15978,-6.04,0.0,0.183333333
N127986,Sun Sentinel,3,4741,-6.04,0.0,99.0
N34559,Sun Sentinel,1,17309,-6.04,0.0,99.0
N27514,Sun Sentinel,1,17440,-6.04,0.0,99.0
N47577,Sun Sentinel,1,27658,-6.04,0.0,99.0
N92921,tampa bay times,2,6053,-3.57,0.0,-0.159090909
N28472,tampa bay times,7,10462,-3.57,0.0,-0.321428571
N79077,tampa bay times,1,11333,-3.57,0.0,0.1875
N122463,tampa bay times,4,12858,-3.57,0.0,-0.019230769
N16650,tampa bay times,1,13886,-3.57,0.0,0.192307692
N51734,tampa bay times,1,15355,-3.57,0.0,-0.1
N94887,tampa bay times,1,15799,-3.57,0.0,-0.192307692
N70216,tampa bay times,2,28015,-3.57,0.0,-0.022727273
N56119,tampa bay times,1,14061,-3.57,0.0,99.0
N127998,tampa bay times,4,27338,-3.57,0.0,99.0
N6521,TechRadar,61,4780,-1.46,99.0,-0.21875
N71538,tennessean,10,7853,-1.94,0.0,-0.083333333
N28453,tennessean,1,9485,-1.94,0.0,0.0
N68017,tennessean,0,15104,-1.94,0.0,99.0
N110548,tennessean,1,18504,-1.94,0.0,99.0
N91127,tennessean,0,23652,-1.94,0.0,99.0
N125546,The Detroit News,21,4674,-2.69,0.0,-0.181818182
N116693,The Detroit News,23,6705,-2.69,0.0,-0.375
N35424,The Dispatch,1,6232,5.41,1.0,99.0
N31879,The Guardian,8535,482,-8.37,-1.0,-0.181818182
N4094,The Guardian,7,10538,-8.37,-1.0,99.0
N38042,The Hill,337,18748,-1.19,0.0,-0.382352941
N68295,The Hill,373,1378,-1.19,0.0,0.173076923
N79025,The Hill,196,1862,-1.19,0.0,-0.125
N23323,The Hill,21,27264,-1.19,0.0,-0.340909091
N110485,The Hill,744,388,-1.19,0.0,0.136363636
N52019,The Hill,231,396,-1.19,0.0,-0.204545455
N63322,The Hill,253,403,-1.19,0.0,0.0
N73884,The Hill,82,557,-1.19,0.0,-0.15
N103397,The Hill,5427,637,-1.19,0.0,0.115384615
N100716,The Hill,107,731,-1.19,0.0,0.134615385
N57207,The Hill,98,756,-1.19,0.0,0.111111111
N37929,The Hill,507,902,-1.19,0.0,-0.325
N93411,The Hill,2519,1045,-1.19,0.0,-0.033333333
N50546,The Hill,672,1340,-1.19,0.0,-0.125
N52369,The Hill,338,1347,-1.19,0.0,-0.28125
N4433,The Hill,91,1357,-1.19,0.0,0.125
N83852,The Hill,716,1495,-1.19,0.0,-0.357142857
N73155,The Hill,274,1527,-1.19,0.0,-0.384615385
N886,The Hill,993,1682,-1.19,0.0,-0.25
N34028,The Hill,320,1735,-1.19,0.0,0.107142857
N96855,The Hill,29,1764,-1.19,0.0,-0.125
N71041,The Hill,1457,1888,-1.19,0.0,-0.34375
N51222,The Hill,109,1932,-1.19,0.0,-0.214285714
N23902,The Hill,52,2160,-1.19,0.0,0.25
N125841,The Hill,406,2281,-1.19,0.0,-0.125
N34256,The Hill,265,2418,-1.19,0.0,-0.208333333
N127547,The Hill,16,2500,-1.19,0.0,-0.388888889
N69097,The Hill,131,2851,-1.19,0.0,0.134615385
N34919,The Hill,97,2938,-1.19,0.0,-0.475
N80577,The Hill,201,3392,-1.19,0.0,-0.25
N95822,The Hill,67,3399,-1.19,0.0,-0.138888889
N117342,The Hill,124,3570,-1.19,0.0,-0.105263158
N39109,The Hill,25,3680,-1.19,0.0,0.033333333
N56644,The Hill,116,3855,-1.19,0.0,-0.307692308
N12220,The Hill,125,3998,-1.19,0.0,0.25
N81297,The Hill,92,4238,-1.19,0.0,-0.161764706
N96443,The Hill,16,4283,-1.19,0.0,0.0
N106607,The Hill,92,4446,-1.19,0.0,-0.4375
N54403,The Hill,39,4877,-1.19,0.0,-0.159090909
N33047,The Hill,18,6708,-1.19,0.0,-0.035714286
N13407,The Hill,328,7671,-1.19,0.0,-0.111111111
N98861,The Hill,101,8256,-1.19,0.0,-0.681818182
N58943,The Hill,3,8355,-1.19,0.0,-0.166666667
N66707,The Hill,1,9672,-1.19,0.0,0.194444444
N77024,The Hill,49,9848,-1.19,0.0,0.0
N75013,The Hill,3,11131,-1.19,0.0,0.020833333
N97411,The Hill,7,12976,-1.19,0.0,0.027777778
N48096,The Hill,1,14047,-1.19,0.0,0.425
N6671,The Hill,4,16185,-1.19,0.0,0.075
N36134,The Hill,98,17062,-1.19,0.0,-0.109375
N123833,The Hill,413,23377,-1.19,0.0,-0.222222222
N39798,The Hill,570,24037,-1.19,0.0,-0.196428571
N125045,The Hill,4238,25986,-1.19,0.0,-0.214285714
N56736,The Hill,3,28160,-1.19,0.0,0.041666667
N85390,The Hill,0,28289,-1.19,0.0,0.05
N98430,The Hill,2,5210,-1.19,0.0,99.0
N88618,The Hill,6,9609,-1.19,0.0,99.0
N16165,The Hill,0,10374,-1.19,0.0,99.0
N98365,The Hill,0,10376,-1.19,0.0,99.0
N109692,The Hill,3,11164,-1.19,0.0,99.0
N75463,The Hill,1,14153,-1.19,0.0,99.0
N47329,The Hill,0,14962,-1.19,0.0,99.0
N32736,The Hill,0,15307,-1.19,0.0,99.0
N109167,The Hill,0,17274,-1.19,0.0,99.0
N74694,The Hill,2,17997,-1.19,0.0,99.0
N50324,The Hill,0,18541,-1.19,0.0,99.0
N52635,The Hill,1,18611,-1.19,0.0,99.0
N41083,The Hill,2,18641,-1.19,0.0,99.0
N24373,The Hill,1,18642,-1.19,0.0,99.0
N42756,The Hill,2,20043,-1.19,0.0,99.0
N30389,The Hill,1,20511,-1.19,0.0,99.0
N126961,The Hill,0,21049,-1.19,0.0,99.0
N124558,The Hill,0,21349,-1.19,0.0,99.0
N20981,The Hill,0,21852,-1.19,0.0,99.0
N60057,The Hill,0,22432,-1.19,0.0,99.0
N12475,The Hill,1,23560,-1.19,0.0,99.0
N49852,The Hill,0,24421,-1.19,0.0,99.0
N80341,The Hill,0,24656,-1.19,0.0,99.0
N61581,The Hill,0,25281,-1.19,0.0,99.0
N85789,The Hill,0,25444,-1.19,0.0,99.0
N102527,The Hill,1,27798,-1.19,0.0,99.0
N9064,The Hill,0,28672,-1.19,0.0,99.0
N105353,The Hill,1,28780,-1.19,0.0,99.0
N116361,The Hill,325,1517,-1.19,0.0,-0.166666667
N67747,The New York Times,7199,230,-7.73,-2.0,-0.208333333
N127134,The New York Times,3046,347,-7.73,-2.0,-0.075
N4910,The New York Times,275,416,-7.73,-2.0,0.090909091
N47767,The New York Times,253,781,-7.73,-2.0,-0.444444444
N37861,The New York Times,647,864,-7.73,-2.0,-0.321428571
N35174,The New York Times,293,926,-7.73,-2.0,-0.232142857
N121136,The New York Times,683,1038,-7.73,-2.0,-0.089285714
N41975,The New York Times,501,1398,-7.73,-2.0,-0.125
N15091,The New York Times,316,1435,-7.73,-2.0,-0.25
N26452,The New York Times,159,1643,-7.73,-2.0,-0.125
N32626,The New York Times,266,1651,-7.73,-2.0,-0.068181818
N57948,The New York Times,376,1984,-7.73,-2.0,-0.266666667
N81914,The New York Times,211,2011,-7.73,-2.0,-0.159090909
N106909,The New York Times,49,2061,-7.73,-2.0,0.194444444
N78896,The New York Times,377,2079,-7.73,-2.0,-0.227272727
N25352,The New York Times,136,3035,-7.73,-2.0,0.05
N46399,The New York Times,136,3243,-7.73,-2.0,-0.083333333
N88853,The New York Times,116,3323,-7.73,-2.0,-0.111111111
N67870,The New York Times,455,3385,-7.73,-2.0,-0.153846154
N8591,The New York Times,141,3524,-7.73,-2.0,-0.535714286
N78222,The New York Times,25,3725,-7.73,-2.0,0.25
N95582,The New York Times,22,3735,-7.73,-2.0,-0.3
N30059,The New York Times,55,5376,-7.73,-2.0,-0.078125
N83732,The New York Times,116,6066,-7.73,-2.0,0.089285714
N60201,The New York Times,475,25209,-7.73,-2.0,0.166666667
N126832,The New York Times,59,25799,-7.73,-2.0,-0.339285714
N117105,The New York Times,717,27089,-7.73,-2.0,-0.289473684
N8767,The New York Times,12,27378,-7.73,-2.0,0.068181818
N73734,The New York Times,112,27414,-7.73,-2.0,-0.425
N16337,The New York Times,50,27553,-7.73,-2.0,-0.204545455
N55105,The New York Times,0,16523,-7.73,-2.0,99.0
N108784,The New York Times,0,17259,-7.73,-2.0,99.0
N127231,The New York Times,0,20156,-7.73,-2.0,99.0
N42339,The New York Times,2,20677,-7.73,-2.0,99.0
N31229,The New York Times,0,23568,-7.73,-2.0,99.0
N31163,The New York Times,0,28853,-7.73,-2.0,99.0
N84141,The New York Times,0,28884,-7.73,-2.0,99.0
N101417,The New York Times,0,29141,-7.73,-2.0,99.0
N63043,The New York Times,473,1806,-7.73,-2.0,-0.392857143
N94496,The Pantagraph - Bloomington,0,4009,-0.21,0.0,0.1
N93563,The Pantagraph - Bloomington,9,10807,-0.21,0.0,0.025
N60279,The verge,394,310,-6.09,-1.0,-0.159090909
N34050,The verge,1,8230,-6.09,-1.0,99.0
N89053,The Virginian Pilot,21,6431,-1.44,0.0,0.428571429
N126256,The Virginian Pilot,1,16671,-1.44,0.0,-0.15
N5259,The Virginian Pilot,5,12314,-1.44,0.0,99.0
N119754,The Virginian Pilot,2,16391,-1.44,0.0,99.0
N33913,theleafchronicle,0,26333,-0.29,0.0,99.0
N106856,the-messenger,3,28682,99.0,99.0,99.0
N65875,thenewstribune,0,29128,-2.17,0.0,99.0
N50776,thestarpress,5,15973,-0.18,99.0,-0.090909091
N96691,thestarpress,0,24158,-0.18,99.0,99.0
N76380,USA Today,34,15336,-4.87,-1.0,-0.229166667
N103852,USA Today,3849,48,-4.87,-1.0,-0.194444444
N66225,USA Today,380,698,-4.87,-1.0,-0.104166667
N87795,USA Today,94,769,-4.87,-1.0,0.071428571
N44244,USA Today,131,1382,-4.87,-1.0,-0.166666667
N100867,USA Today,330,1506,-4.87,-1.0,-0.333333333
N27495,USA Today,368,1557,-4.87,-1.0,-0.266666667
N46180,USA Today,884,2378,-4.87,-1.0,-0.25
N83843,USA Today,103,3060,-4.87,-1.0,-0.078125
N116336,USA Today,458,3533,-4.87,-1.0,-0.333333333
N112339,USA Today,209,3851,-4.87,-1.0,-0.15
N53529,USA Today,11,4281,-4.87,-1.0,0.076923077
N51627,USA Today,25,5929,-4.87,-1.0,-0.05
N27200,USA Today,10,10099,-4.87,-1.0,-0.083333333
N115095,USA Today,2,12628,-4.87,-1.0,-0.277777778
N52371,USA Today,468,17979,-4.87,-1.0,-0.318181818
N120749,USA Today,139,18732,-4.87,-1.0,-0.125
N118880,USA Today,422,23023,-4.87,-1.0,0.083333333
N97108,USA Today,1,9624,-4.87,-1.0,99.0
N102158,USA Today,0,10366,-4.87,-1.0,99.0
N65505,USA Today,2,16169,-4.87,-1.0,99.0
N107861,USA Today,0,20158,-4.87,-1.0,99.0
N37727,USA Today,0,24883,-4.87,-1.0,99.0
N46636,Virgin Islands Daily News,6,10941,-1.48,99.0,-0.45
N114200,Vox,344,735,-9.87,-2.0,-0.233333333
N85943,Vox,624,24041,-9.87,-2.0,-0.3125
N82043,Vox,2,11152,-9.87,-2.0,99.0
N91319,Vox,0,19738,-9.87,-2.0,99.0
N125609,Vox,0,19769,-9.87,-2.0,99.0
N75211,Vox,0,24090,-9.87,-2.0,99.0
N46555,Wall Street Journal,1905,27050,5.53,1.0,-0.075
N39404,Wall Street Journal,608,11,5.53,1.0,-0.09375
N55023,Wall Street Journal,1219,504,5.53,1.0,-0.083333333
N44014,Wall Street Journal,207,2670,5.53,1.0,-0.125
N68688,Wall Street Journal,589,2722,5.53,1.0,-0.211538462
N19135,Wall Street Journal,0,29003,5.53,1.0,99.0
N26416,Washington Examiner,194,27111,13.26,1.0,-0.125
N97935,Washington Examiner,1995,1076,13.26,1.0,-0.125
N115533,Washington Examiner,289,1861,13.26,1.0,0.0
N29729,Washington Examiner,393,1899,13.26,1.0,-0.25
N117447,Washington Examiner,118,2568,13.26,1.0,0.05
N29931,Washington Examiner,320,2797,13.26,1.0,0.027777778
N14853,Washington Examiner,94,3670,13.26,1.0,0.0625
N7041,Washington Examiner,61,4117,13.26,1.0,0.104166667
N43864,Washington Examiner,29,5033,13.26,1.0,0.0
N86067,Washington Examiner,1441,5098,13.26,1.0,-0.392857143
N27744,Washington Examiner,65,10571,13.26,1.0,-0.192307692
N92476,Washington Examiner,983,18746,13.26,1.0,-0.386363636
N126162,Washington Examiner,0,18643,13.26,1.0,99.0
N128189,Washington Examiner,0,23259,13.26,1.0,99.0
N109764,Washington Examiner,1,28790,13.26,1.0,99.0
N25938,Washington Examiner,1,29077,13.26,1.0,99.0
N96949,Washington Examiner,217,2553,13.26,1.0,-0.171875
N71094,Washington Post,29,7429,-9.02,-1.0,-0.083333333
N85374,Washington Post,1,28542,-9.02,-1.0,-0.1875
N29486,Washington Post,405,1065,-9.02,-1.0,-0.392857143
N117029,Washington Post,1157,1793,-9.02,-1.0,-0.136363636
N121375,Washington Post,534,379,-9.02,-1.0,-0.0625
N33443,Washington Post,282,385,-9.02,-1.0,-0.045454545
N17464,Washington Post,124,460,-9.02,-1.0,-0.178571429
N71353,Washington Post,1171,605,-9.02,-1.0,-0.027777778
N68520,Washington Post,1136,679,-9.02,-1.0,-0.2
N40412,Washington Post,935,696,-9.02,-1.0,-0.229166667
N107801,Washington Post,27,815,-9.02,-1.0,0.055555556
N73939,Washington Post,247,1126,-9.02,-1.0,-0.090909091
N4135,Washington Post,188,1250,-9.02,-1.0,0.03125
N66884,Washington Post,88,1267,-9.02,-1.0,-0.339285714
N76759,Washington Post,152,1392,-9.02,-1.0,0.1
N118870,Washington Post,165,1411,-9.02,-1.0,-0.388888889
N35021,Washington Post,779,1458,-9.02,-1.0,-0.175
N56047,Washington Post,749,1559,-9.02,-1.0,-0.183333333
N10127,Washington Post,128,1642,-9.02,-1.0,-0.346153846
N48718,Washington Post,328,1665,-9.02,-1.0,-0.166666667
N54563,Washington Post,317,1766,-9.02,-1.0,-0.125
N69772,Washington Post,1039,1814,-9.02,-1.0,-0.142857143
N102926,Washington Post,25,1997,-9.02,-1.0,-0.166666667
N96061,Washington Post,163,2063,-9.02,-1.0,-0.2
N7876,Washington Post,694,2114,-9.02,-1.0,-0.083333333
N51164,Washington Post,480,2156,-9.02,-1.0,0.21875
N28809,Washington Post,444,2350,-9.02,-1.0,-0.214285714
N130031,Washington Post,394,2422,-9.02,-1.0,-0.305555556
N96271,Washington Post,64,2573,-9.02,-1.0,-0.208333333
N128253,Washington Post,316,2693,-9.02,-1.0,-0.269230769
N54345,Washington Post,15,3006,-9.02,-1.0,-0.083333333
N27440,Washington Post,597,3032,-9.02,-1.0,-0.045454545
N20802,Washington Post,305,3304,-9.02,-1.0,-0.138888889
N20849,Washington Post,248,3387,-9.02,-1.0,-0.4375
N89039,Washington Post,475,3457,-9.02,-1.0,-0.045454545
N5315,Washington Post,359,3462,-9.02,-1.0,-0.277777778
N104180,Washington Post,107,3954,-9.02,-1.0,-0.178571429
N109799,Washington Post,66,4038,-9.02,-1.0,-0.05
N130129,Washington Post,136,4133,-9.02,-1.0,-0.4
N98745,Washington Post,58,4280,-9.02,-1.0,-0.125
N63977,Washington Post,228,4284,-9.02,-1.0,0.111111111
N76288,Washington Post,3,4416,-9.02,-1.0,0.0
N65580,Washington Post,107,4736,-9.02,-1.0,0.117647059
N3699,Washington Post,8,4785,-9.02,-1.0,-0.232142857
N78145,Washington Post,2,5209,-9.02,-1.0,0.3125
N60229,Washington Post,4,5486,-9.02,-1.0,0.025
N77681,Washington Post,7,6620,-9.02,-1.0,0.145833333
N58947,Washington Post,25,7833,-9.02,-1.0,-0.3125
N17315,Washington Post,1,9442,-9.02,-1.0,0.384615385
N80017,Washington Post,0,12505,-9.02,-1.0,0.022727273
N4070,Washington Post,0,12602,-9.02,-1.0,-0.113636364
N57457,Washington Post,1,15603,-9.02,-1.0,-0.115384615
N21365,Washington Post,129,17469,-9.02,-1.0,0.027777778
N52464,Washington Post,2554,20024,-9.02,-1.0,-0.384615385
N102736,Washington Post,5,27691,-9.02,-1.0,0.019230769
N89355,Washington Post,4,27709,-9.02,-1.0,-0.291666667
N96779,Washington Post,1,27935,-9.02,-1.0,0.291666667
N82808,Washington Post,2,27965,-9.02,-1.0,-0.225
N124477,Washington Post,5,28194,-9.02,-1.0,0.214285714
N48026,Washington Post,6,28328,-9.02,-1.0,0.102941176
N2052,Washington Post,3,28425,-9.02,-1.0,-0.022727273
N40538,Washington Post,0,28499,-9.02,-1.0,-0.3125
N52359,Washington Post,3,5133,-9.02,-1.0,99.0
N103745,Washington Post,4,6701,-9.02,-1.0,99.0
N9128,Washington Post,20,8114,-9.02,-1.0,99.0
N125198,Washington Post,2,9654,-9.02,-1.0,99.0
N126083,Washington Post,2,10971,-9.02,-1.0,99.0
N73799,Washington Post,0,14475,-9.02,-1.0,99.0
N4437,Washington Post,0,14613,-9.02,-1.0,99.0
N49461,Washington Post,0,15740,-9.02,-1.0,99.0
N52719,Washington Post,1,16173,-9.02,-1.0,99.0
N81544,Washington Post,1,17279,-9.02,-1.0,99.0
N2147,Washington Post,0,18607,-9.02,-1.0,99.0
N37389,Washington Post,0,18636,-9.02,-1.0,99.0
N18625,Washington Post,3,18639,-9.02,-1.0,99.0
N80778,Washington Post,2,19767,-9.02,-1.0,99.0
N449,Washington Post,0,19768,-9.02,-1.0,99.0
N104288,Washington Post,0,19927,-9.02,-1.0,99.0
N88915,Washington Post,0,20067,-9.02,-1.0,99.0
N13119,Washington Post,0,20760,-9.02,-1.0,99.0
N71201,Washington Post,0,24692,-9.02,-1.0,99.0
N114957,Washington Post,0,26395,-9.02,-1.0,99.0
N68478,Washington Post,0,26600,-9.02,-1.0,99.0
N1541,Washington Post,0,27893,-9.02,-1.0,99.0
N38925,Washington Post,0,28773,-9.02,-1.0,99.0
N27025,Washington Post,0,28778,-9.02,-1.0,99.0
N41349,Washington Post,1,28886,-9.02,-1.0,99.0
N80754,Washington Post,0,28967,-9.02,-1.0,99.0
N80349,Washington Post,0,29071,-9.02,-1.0,99.0
N14774,Washington Post,0,29112,-9.02,-1.0,99.0
N45925,wave3,5,10874,99.0,99.0,99.0
N117043,wave3,17,12245,99.0,99.0,-0.068181818
N5754,wave3,1,17535,99.0,99.0,99.0
N96663,wave3,1,20251,99.0,99.0,99.0
N53701,wave3,0,27358,99.0,99.0,99.0
N116372,wbtv,0,24106,99.0,99.0,99.0
N112767,wcnc,6,8143,-0.4,99.0,-0.090909091
N109928,wcnc,0,20007,-0.4,99.0,99.0
N121156,WCVB - Boston,2,20586,99.0,99.0,99.0
N93818,wdsu,0,17906,99.0,0.0,99.0
N85237,wdsu,1,21940,99.0,0.0,-0.045454545
N55845,Western Journal,1,21021,19.24,2.0,99.0
N44359,wfaa,2,11206,-1.23,99.0,-0.015625
N62098,wfmynews2,0,7877,-0.11,99.0,99.0
N33676,WFSB - Connecticut,18,2906,-0.31,99.0,99.0
N29210,wftv,1,16085,99.0,99.0,0.166666667
N129567,wgal,0,25459,-0.05,99.0,99.0
N16761,whas11,1,21508,-0.13,99.0,0.022727273
N60029,whas11,1,12018,-0.13,99.0,99.0
N114191,whas11,4,12586,-0.13,99.0,99.0
N41830,whas11,0,16000,-0.13,99.0,99.0
N93108,whas11,0,20252,-0.13,99.0,99.0
N64194,whas11,2,20396,-0.13,99.0,99.0
N54084,whas11,5,20984,-0.13,99.0,99.0
N99825,whas11,0,23164,-0.13,99.0,99.0
N29079,who13,0,6590,99.0,99.0,99.0
N45703,who13,0,11107,99.0,99.0,0.0
N648,who13,0,28222,99.0,99.0,99.0
N81577,wisn,6,5239,99.0,99.0,0.027777778
N27724,wisn,9,5238,99.0,99.0,0.020833333
N112613,wisn,3,13808,99.0,99.0,-0.025
N116062,wisn,4,14786,99.0,99.0,-0.173076923
N19086,wisn,0,18302,99.0,99.0,99.0
N116339,wisn,1,18303,99.0,99.0,99.0
N111319,wisn,0,19873,99.0,99.0,99.0
N107740,wisn,0,20891,99.0,99.0,99.0
N45386,wlky,0,13384,99.0,99.0,99.0
N1042,wlky,0,18221,99.0,99.0,99.0
N119985,wlky,0,28157,99.0,99.0,99.0
N42596,wlky,7,28158,99.0,99.0,-0.045454545
N97448,wthr,114,7308,-1.84,99.0,-0.15625
N38833,wtkr,20,9078,-0.18,99.0,-0.361111111
N84735,wusa9,11,9863,-1.5,99.0,-0.214285714
N40939,wusa9,5,8668,-1.5,99.0,-0.575
N66845,wusa9,11,3510,-1.5,99.0,0.0
N79717,wusa9,16,3518,-1.5,99.0,-0.083333333
N96350,wusa9,6,4558,-1.5,99.0,-0.090909091
N82457,wusa9,10,6325,-1.5,99.0,-0.384615385
N88725,wwltv,4,13563,-0.13,99.0,0.014705882
N25798,wwltv,2,14940,-0.13,99.0,99.0
N47004,wwltv,2,28237,-0.13,99.0,99.0
N109240,wwltv,0,28238,-0.13,99.0,99.0
N68489,wwltv,0,28894,-0.13,99.0,99.0
N43044,wwltv,0,29088,-0.13,99.0,99.0
N114245,wxii12,0,14930,99.0,99.0,99.0
N12400,wxii12,1,19865,99.0,99.0,99.0
N126963,wxii12,5,24013,99.0,99.0,99.0
N61814,wxii12,0,25719,99.0,99.0,99.0
N7277,Yahoo,1066,1708,-6.15,-1.0,0.166666667
N55705,Yahoo,17,5287,-6.15,-1.0,-0.214285714
N80814,Yahoo,575,329,-6.15,-1.0,-0.083333333
N87855,Yahoo,2924,480,-6.15,-1.0,0.1
N93556,Yahoo,479,1671,-6.15,-1.0,-0.357142857
N73756,Yahoo,479,1688,-6.15,-1.0,-0.392857143
N116510,Yahoo,330,2933,-6.15,-1.0,-0.0625
N37769,Yahoo,377,3869,-6.15,-1.0,-0.5
N90573,Yahoo,5,4361,-6.15,-1.0,0.111111111
N48690,Yahoo,18,5560,-6.15,-1.0,-0.431818182
N18314,Yahoo,0,5949,-6.15,-1.0,99.0
N121718,Yahoo,1,7093,-6.15,-1.0,0.142857143
N72992,Yahoo,2,7719,-6.15,-1.0,-0.25
N67179,Yahoo,2,8902,-6.15,-1.0,-0.178571429
N14210,Yahoo,3,8987,-6.15,-1.0,0.0
N437,Yahoo,0,9084,-6.15,-1.0,-0.1875
N91217,Yahoo,15,10791,-6.15,-1.0,-0.53125
N11307,Yahoo,1,11621,-6.15,-1.0,0.159090909
N19255,Yahoo,1,14405,-6.15,-1.0,-0.21875
N124397,Yahoo,0,15730,-6.15,-1.0,99.0
N104793,Yahoo,2,15849,-6.15,-1.0,-0.2
N126659,Yahoo,14,23133,-6.15,-1.0,-0.340909091
N106978,Yahoo,3,25728,-6.15,-1.0,-0.479166667
N110216,Yahoo,21,27371,-6.15,-1.0,-0.178571429
N20516,Yahoo,4,28017,-6.15,-1.0,0.041666667
N82925,Yahoo,2,28020,-6.15,-1.0,-0.142857143
N52161,Yahoo,0,28311,-6.15,-1.0,0.068181818
N26183,Yahoo,19,3743,-6.15,-1.0,99.0
N30172,Yahoo,2,7554,-6.15,-1.0,99.0
N65356,Yahoo,0,9344,-6.15,-1.0,99.0
N14872,Yahoo,0,15137,-6.15,-1.0,99.0
N122031,Yahoo,3,15284,-6.15,-1.0,99.0
N3869,Yahoo,1,18290,-6.15,-1.0,99.0
N24235,Yahoo,0,18452,-6.15,-1.0,99.0
N22781,Yahoo,1,19106,-6.15,-1.0,99.0
N119709,Yahoo,0,19147,-6.15,-1.0,99.0
N9672,Yahoo,2,19516,-6.15,-1.0,99.0
N90028,Yahoo,0,20310,-6.15,-1.0,99.0
N5272,Yahoo,0,21350,-6.15,-1.0,99.0
N79892,Yahoo,0,23895,-6.15,-1.0,99.0
N66868,Yahoo,0,24188,-6.15,-1.0,99.0
N120046,Yahoo,0,24657,-6.15,-1.0,99.0
N110288,Yahoo,0,25259,-6.15,-1.0,99.0
N13401,Yahoo,1,25562,-6.15,-1.0,99.0
N39227,Yahoo,0,25662,-6.15,-1.0,99.0
N17100,Yahoo,0,26032,-6.15,-1.0,99.0
N123205,Yahoo,0,26540,-6.15,-1.0,99.0
N110621,Yahoo,2,28617,-6.15,-1.0,99.0
N68660,Yahoo,0,28837,-6.15,-1.0,99.0
N64147,Yahoo,0,29278,-6.15,-1.0,99.0
N89685,York Daily Record,0,24367,-1.85,99.0,99.0
N130295,zdnet,5,8042,99.0,99.0,99.0
